Category,Name,Price,Rating,Reviews,URL
Electronics,Geekcreit® DIY Radio Electronic Kit Parts 51 Single-chip FM Digital Sound Machine,£9.75,,43,https://www.banggood.com/Geekcreit-DIY-Radio-Electronic-Kit-Parts-51-Single-chip-FM-Digital-Sound-Machine-p-1982860.html?rmmds=ElectronicsFlashDeals&cur_warehouse=CN&ID=0
Electronics,2 in 1 Version WiFi Function Tuya And Smart Life Smoke Detector Sensor & Carbon Monoxide Co Gas Detector Smoke Fire Sound Alarm - 1Pcs,£13.15,,37,https://www.banggood.com/2-in-1-Version-WiFi-Function-Tuya-And-Smart-Life-Smoke-Detector-Sensor-and-Carbon-Monoxide-Co-Gas-Detector-Smoke-Fire-Sound-Alarm-p-1978139.html?rmmds=ElectronicsFlashDeals&cur_warehouse=CN&ID=6327276
Electronics,RIDEN® RD6018 RD6018W RD6024 RD6024W RD6030 Digital Switching Power Supply Case S800 Shell For Voltage Converter - Upper Cover Aluminum,£27.86,,65,https://www.banggood.com/RIDEN-RD6018-RD6018W-RD6024-RD6024W-RD6030-Digital-Switching-Power-Supply-Case-S800-Shell-For-Voltage-Converter-p-1995241.html?rmmds=ElectronicsFlashDeals&cur_warehouse=CN&ID=6323987
Electronics,ZHIYU® 60W / 110W 9.99A 30V Constant Current Electronic Load Aging Battery Capacity Tester - 60W,£12.26,,269,https://www.banggood.com/ZHIYU-60W-or-110W-9_99A-30V-Constant-Current-Electronic-Load-Aging-Battery-Capacity-Tester-p-1146280.html?rmmds=ElectronicsRecommendation&cur_warehouse=CN&ID=522661
Electronics,12V/24V/36V/48V 8-70V LCD Acid Lead 3.7V Lithium Battery Capacity Indicator Digital Voltmeter,£4.17,,275,https://www.banggood.com/12V-or-24V-or-36V-or-48V-8-70V-LCD-Acid-Lead-3_7V-Lithium-Battery-Capacity-Indicator-Digital-Voltmeter-p-1326158.html?rmmds=ElectronicsFlashDeals&cur_warehouse=CN&ID=0
Electronics,[EU/US Direct] ATOMSTACK Swift 7W Portable Laser Engraver 300x300mm 10000mm/min DIY Laser Cut Engraving Machine for Wood and Metal Dark Acrylic Glass Metal - Black EU Plug,£154.06,,0,https://www.banggood.com/EU-or-US-Direct-ATOMSTACK-Swift-7W-Portable-Laser-Engraver-300x300mm-10000mm-or-min-DIY-Laser-Cut-Engraving-Machine-for-Wood-and-Metal-Dark-Acrylic-Glass-Metal-p-2042356.html?bid=87998&akmClientCountry=HK&cur_warehouse=CZ&ID=628783047184
Electronics,0-30V 2mA - 3A Adjustable DC Regulated Power Supply Module DIY Kit,£6.05,,1795,https://www.banggood.com/0-30V-2mA-3A-Adjustable-DC-Regulated-Power-Supply-Module-DIY-Kit-p-958308.html?rmmds=ElectronicsRecommendation&cur_warehouse=CN&ID=0
Electronics,ABBREE AR-771S SMA Female Universal Soft Antenna For Baofeng UV5R UV5RH BF888S Quansheng - 1 Pcs,£5.41,,5,https://www.banggood.com/ABBREE-AR-771S-SMA-Female-Universal-Soft-Antenna-For-Baofeng-UV5R-UV5RH-BF888S-Quansheng-p-2036442.html?rmmds=ElectronicsFlashDeals&cur_warehouse=CN&ID=6308406
Electronics,AD-109 Magnetic Mount Mobile Antenna Dual Band VHF UHF 136-174MHz 400-520MHz High Gain 5M Cable for Baofeng UV-5R UV-5RH Ham Radio - PL-259,£12.38,,0,https://www.banggood.com/AD-109-Magnetic-Mount-Mobile-Antenna-Dual-Band-VHF-UHF-136-174MHz-400-520MHz-High-Gain-5M-Cable-for-Baofeng-UV-5R-UV-5RH-Ham-Radio-p-2039747.html?rmmds=ElectronicsFlashDeals
Electronics,WZ3605E CNC DC Buck-Boost Converter CC CV 36V 5A LCD Power Module Adjustable Regulated Power Supply Constant Voltmeter Ammeter,£13.49,,28,https://www.banggood.com/WZ3605E-CNC-DC-Buck-Boost-Converter-CC-CV-36V-5A-LCD-Power-Module-Adjustable-Regulated-Power-Supply-Constant-Voltmeter-Ammeter-p-1999853.html?rmmds=ElectronicsRecommendation&cur_warehouse=CN&ID=0
Electronics,PGST PG-103 Tuya Wireless Alarm System for Home Burglar Security WiFi GSM APP Voice Control Support Alexa Google Assistant,£33.28,,7,https://www.banggood.com/PGST-PG-103-Tuya-Wireless-Alarm-System-for-Home-Burglar-Security-WiFi-GSM-APP-Voice-Control-Support-Alexa-Google-Assistant-p-2004950.html?rmmds=ElectronicsFlashDeals&cur_warehouse=CN&ID=0
Electronics,DC 5V DIY Electronic Windmill Training Module Kit Speed Adjustable MCU Course Design Set For Soldering,£5.41,,50,https://www.banggood.com/DC-5V-DIY-Electronic-Windmill-Training-Module-Kit-Speed-Adjustable-MCU-Course-Design-Set-For-Soldering-p-1249845.html?rmmds=ElectronicsRecommendation&cur_warehouse=CN&ID=0
Electronics,SCULPFUN S9/S10 standard limit switch Open homing positioning function Perfect match S9/S10 Easy to install Direct use no need purchasing additional accessories,£13.93,,29,https://www.banggood.com/SCULPFUN-S9-or-S10-standard-limit-switch-Open-homing-positioning-function-Perfect-match-S9-or-S10-Easy-to-install-Direct-use-no-need-purchasing-additional-accessories-p-1974938.html?rmmds=ElectronicsFlashDeals&cur_warehouse=CN&ID=0
Electronics,DALY Bluetooth WiFi+BT Module APP Control Accessories for Lithium Battery Protection Board - WiFi+BT Module,£9.75,,13,https://www.banggood.com/DALY-Bluetooth-WiFi+BT-Module-APP-Control-Accessories-for-Lithium-Battery-Protection-Board-p-2015635.html?rmmds=ElectronicsFlashDeals
Electronics,Signal Amplifier 100k-6GHz Full Band Low Noise 9037BAT-LNA RF Amplifier High Linearity Ultra-Low Noise Gain Block Amplifier,£10.06,,27,https://www.banggood.com/Signal-Amplifier-100k-6GHz-Full-Band-Low-Noise-9037BAT-LNA-RF-Amplifier-High-Linearity-Ultra-Low-Noise-Gain-Block-Amplifier-p-2012844.html?rmmds=ElectronicsFlashDeals&cur_warehouse=CN&ID=0
Electronics,Artillery Hotend Assembly for SW-X3/ SW-X4 - 1 pcs,£15.48,,4,https://www.banggood.com/Artillery-Hotend-Assembly-for-SW-X3-or-SW-X4-p-2035723.html?rmmds=ElectronicsFlashDeals
Electronics,LILYGO® T-Deck Pro ESP32-S3 Development Board 4G/PCM5102A/LoRa/GPS E-Paper Touchscreen QWIIC Interface IoT Communication Device - PCM5102A (Audio) SX1262 433MHz,£89.02,,0,https://www.banggood.com/LILYGO-T-Deck-Pro-ESP32-S3-Development-Board-4G-or-PCM5102A-or-LoRa-or-GPS-E-Paper-Touchscreen-QWIIC-Interface-IoT-Communication-Device-p-2036455.html?rmmds=ElectronicsFlashDeals&cur_warehouse=CN&ID=63241736333564
Electronics,BAOFENG 2 Pins Plug USB Programming Cable for Walkie Talkie for UV-5R serise BF-888S Walkie Talkie Accessories,£4.25,,251,https://www.banggood.com/BAOFENG-2-Pins-Plug-USB-Programming-Cable-for-Walkie-Talkie-for-UV-5R-serise-BF-888S-Walkie-Talkie-Accessories-p-1738108.html?rmmds=ElectronicsFlashDeals&cur_warehouse=CN&ID=0
Electronics,Geekcreit® 6DOF MPU-6050 3 Axis Gyro With Accelerometer Sensor Module - 2pcs,£6.19,,908,https://www.banggood.com/Geekcreit-6DOF-MPU-6050-3-Axis-Gyro-With-Accelerometer-Sensor-Module-p-80862.html?rmmds=ElectronicsFlashDeals
Electronics,RANA Z Axis Lift Height Adjuster 55mm Stroke Sheet Metal Design Laser Module Focusing Control TT-5.5S TTS-25 TTS-55 TTS-10 Engraving Machine Accessory - Black,£13.15,,0,https://www.banggood.com/RANA-Z-Axis-Lift-Height-Adjuster-55mm-Stroke-Sheet-Metal-Design-Laser-Module-Focusing-Control-TT-5_5S-TTS-25-TTS-55-TTS-10-Engraving-Machine-Accessory-p-2040923.html?rmmds=ElectronicsFlashDeals&cur_warehouse=CN&ID=6287830
Electronics,Portable MSK-V6-2 Vertical Antenna Balun Base 7-30MHz SWR ≤1.5 M10 SO239 Connector for Multi-Band Communication - Silver,£55.73,,0,https://www.banggood.com/Portable-MSK-V6-2-Vertical-Antenna-Balun-Base-7-30MHz-SWR-1_5-M10-SO239-Connector-for-Multi-Band-Communication-p-2044163.html?rmmds=ElectronicsRecommendation&cur_warehouse=CN&ID=6287853
Electronics,0.5-470MHz RF Signal Generator for FM Walkie-Talkie Sensitivity Test with CTCSS & 800Hz Modulation -120dBm Accuracy - Blue,£41.02,,3,https://www.banggood.com/0_5-470MHz-RF-Signal-Generator-for-FM-Walkie-Talkie-Sensitivity-Test-with-CTCSS-and-800Hz-Modulation-120dBm-Accuracy-p-2036459.html?rmmds=ElectronicsFlashDeals&cur_warehouse=CN&ID=229
Electronics,KEWEISI KWS-1902L Type-C Tester 4-30V 0-8A Power Meter USB Fast Charging Monitor Bidirectional Testing TFT Display High Precision Voltage Current Measurement - White,£7.42,,2,https://www.banggood.com/KEWEISI-KWS-1902L-Type-C-Tester-4-30V-0-8A-Power-Meter-USB-Fast-Charging-Monitor-Bidirectional-Testing-TFT-Display-High-Precision-Voltage-Current-Measurement-p-2041769.html?rmmds=ElectronicsFlashDeals&cur_warehouse=CN&ID=6287845
Electronics,KWS-MX23 USB Digital Display DC Voltage Ammeter Power Meter Voltmeter Current Meter Cell Phone Charging USB-A Tester Detector DC 4-30V - Black,£7.89,,9,https://www.banggood.com/KWS-MX23-USB-Digital-Display-DC-Voltage-Ammeter-Power-Meter-Voltmeter-Current-Meter-Cell-Phone-Charging-USB-A-Tester-Detector-DC-4-30V-p-2027462.html?rmmds=ElectronicsRecommendation&cur_warehouse=CN&ID=6287830
Electronics,HackRF One Bareboard NewMayhem Firmware V1.7.3 Hackrf One 1MHz-6GHz Software Defined Radio,£74.31,,8,https://www.banggood.com/HackRF-One-Bareboard-NewMayhem-Firmware-V1_7_3-Hackrf-One-1MHz-6GHz-Software-Defined-Radio-p-1998396.html?rmmds=ElectronicsFlashDeals&cur_warehouse=CN&ID=0
Electronics,HU-069B CW Morse Code Decoder USB 5V Power Supply Adjustable Speed Audio Frequency Input External CW Key Buzzer Sound Radio Communication Kit - Unsoldered Version,£10.06,,28,https://www.banggood.com/HU-069B-CW-Morse-Code-Decoder-USB-5V-Power-Supply-Adjustable-Speed-Audio-Frequency-Input-External-CW-Key-Buzzer-Sound-Radio-Communication-Kit-p-2020320.html?rmmds=ElectronicsRecommendation&cur_warehouse=CN&ID=6321622
Electronics,DC5V Transistor Tester Resistance Capacitance Meter Tester Digital Frequency Meter Multi-function Measurement Electronic DIY Kit - Parts,£9.75,,38,https://www.banggood.com/DC5V-Transistor-Tester-Resistance-Capacitance-Meter-Tester-Digital-Frequency-Meter-Multi-function-Measurement-Electronic-DIY-Kit-p-2011135.html?rmmds=ElectronicsRecommendation&cur_warehouse=CN&ID=6309505
Electronics,Graphics Card Docking Station Video Card Dock Station Beast Oculink PCI-E 4.0 X4 Laptop for Oculink Interface - without Adapter Board,£41.80,,2,https://www.banggood.com/Graphics-Card-Docking-Station-Video-Card-Dock-Station-Beast-Oculink-PCI-E-4_0-X4-Laptop-for-Oculink-Interface-p-2007344.html?rmmds=ElectronicsFlashDeals&cur_warehouse=CN&ID=6325495
Electronics,Chameleon 3.0 Smart Card Emulator Compatible with NFC Reader Writer RFID Smart Chip ID IC Reader Tag Copyer - Black,£18.57,,4,https://www.banggood.com/Chameleon-3_0-Smart-Card-Emulator-Compatible-with-NFC-Reader-Writer-RFID-Smart-Chip-ID-IC-Reader-Tag-Copyer-p-2041415.html?rmmds=ElectronicsFlashDeals&cur_warehouse=CN&ID=6287830
Electronics,"1003L 10"" IPS Digital Picture Frame 1280x800 HD Photo Video Player Remote Control Calendar Clock Plug-and-Play SD/USB Wall Mount Home Decor Gift for Family - White EU Plug",£30.96,,1,https://www.banggood.com/1003L-10-inch-IPS-Digital-Picture-Frame-1280x800-HD-Photo-Video-Player-Remote-Control-Calendar-Clock-Plug-and-Play-SD-or-USB-Wall-Mount-Home-Decor-Gift-for-Family-p-2032652.html?rmmds=ElectronicsFlashDeals&cur_warehouse=CN&ID=471846287845
Electronics,LCD Display 18650 Lithium Battery Digital Measurement Lithium Battery Power Testing Module 4 Channels Battery Capacity Tester DC 5V,£13.15,,54,https://www.banggood.com/LCD-Display-18650-Lithium-Battery-Digital-Measurement-Lithium-Battery-Power-Testing-Module-4-Channels-Battery-Capacity-Tester-DC-5V-p-1990351.html?rmmds=ElectronicsRecommendation&cur_warehouse=CN&ID=0
Electronics,Daly BMS LiFePO4 Smart Board Iron Lithium Battery Protection Board with Balance+bluetooth+RS485+CAN M-type 4~24 Series with Parallel Module 3.65V - iron lithium 4S 12V150A,£65.02,,1,https://www.banggood.com/Daly-BMS-LiFePO4-Smart-Board-Iron-Lithium-Battery-Protection-Board-with-Balance+bluetooth+RS485+CAN-M-type-4~24-Series-with-Parallel-Module-3_65V-p-2017990.html?rmmds=ElectronicsFlashDeals
Electronics,Music Tesla Coil Bluetooth/AUX Dual Mode Music Box 48V Input Transparent Acrylic Artificial Lightnings Touchable Science Experiments Audio Input - Black EU Plug,£21.36,,5,https://www.banggood.com/Music-Tesla-Coil-Bluetooth-or-AUX-Dual-Mode-Music-Box-48V-Input-Transparent-Acrylic-Artificial-Lightnings-Touchable-Science-Experiments-Audio-Input-p-2025130.html?rmmds=ElectronicsRecommendation&cur_warehouse=CN&ID=6309796
Electronics,FM Radio DIY Electronic Parts bluetooth Audio Production Kit Multifunctional with Level Indicator Support TF Card/USB Flash Drive Input,£13.87,,28,https://www.banggood.com/FM-Radio-DIY-Electronic-Parts-bluetooth-Audio-Production-Kit-Multifunctional-with-Level-Indicator-Support-TF-Card-or-USB-Flash-Drive-Input-p-2013607.html?rmmds=ElectronicsRecommendation&cur_warehouse=CN&ID=0
Electronics,Geekcreit® DIY DS1302 Light Control Rotation LED Electronic Clock Kit Music Alarm Clock With Housing Description Download Instruction - Blue Digital Tube + Blue & White LED,£8.97,,272,https://www.banggood.com/Geekcreit-DIY-DS1302-Light-Control-Rotation-LED-Electronic-Clock-Kit-Music-Alarm-Clock-With-Housing-Description-Download-Instruction-p-1380037.html?rmmds=ElectronicsRecommendation&cur_warehouse=CN&ID=558108
Electronics,ABBREE AR-795 Walkie Talkie Antenna UV-795 Dual Band High Gain SMA-Female V/UHF Antenna for Baofeng UV-5R UV-32 UV-21 PRO Quansheng K5 TK11 - 38CM Orange,£5.41,,2,https://www.banggood.com/ABBREE-AR-795-Walkie-Talkie-Antenna-UV-795-Dual-Band-High-Gain-SMA-Female-V-or-UHF-Antenna-for-Baofeng-UV-5R-UV-32-UV-21-PRO-Quansheng-K5-TK11-p-2039743.html?rmmds=ElectronicsFlashDeals&cur_warehouse=CN&ID=6334679
Electronics,5W 3-28MHz Z-QRP Manual Antenna Tuner for Amateur Radio 25 to 2500 Ohms Portable Amateur Radio Accessory - Blue,£28.64,,0,https://www.banggood.com/5W-3-28MHz-Z-QRP-Manual-Antenna-Tuner-for-Amateur-Radio-25-to-2500-Ohms-Portable-Amateur-Radio-Accessory-p-2044169.html?rmmds=ElectronicsRecommendation&cur_warehouse=CN&ID=6287832
Electronics,RF 2-in-1 IoT Module for M5Stack StickCPlus StickC Plus Extension with NRF24 2.4GHz and CC1101 433MHz Support Bruce Firmware - without shell,£21.36,,1,https://www.banggood.com/RF-2-in-1-IoT-Module-for-M5Stack-StickCPlus-StickC-Plus-Extension-with-NRF24-2_4GHz-and-CC1101-433MHz-Support-Bruce-Firmware-p-2038692.html?rmmds=ElectronicsFlashDeals&cur_warehouse=CN&ID=6300084
Electronics,2.4GHz Microwave RF Power Amplifier Module 10W Output 40dB Gain High-Frequency Amplifier Board for Wireless Communication Systems - 2.4GHz,£26.31,,5,https://www.banggood.com/2_4GHz-Microwave-RF-Power-Amplifier-Module-10W-Output-40dB-Gain-High-Frequency-Amplifier-Board-for-Wireless-Communication-Systems-p-2024404.html?rmmds=ElectronicsFlashDeals&cur_warehouse=CN&ID=6329856
Electronics,Intelligent Wireless Music Doorbell 50-100 Meters Range 38 Rings LED Lighting Silent Mode Adjustable Volume Call Alarm Waterproof Smart Home Door Bell - Black,£13.15,,0,https://www.banggood.com/Intelligent-Wireless-Music-Doorbell-50-100-Meters-Range-38-Rings-LED-Lighting-Silent-Mode-Adjustable-Volume-Call-Alarm-Waterproof-Smart-Home-Door-Bell-p-2043939.html?rmmds=ElectronicsRecommendation&cur_warehouse=CN&ID=6287830
